descrip_E,BYCOND,source_file,FACTORS
Health Canada,,../data/clean\subset1.csv,General
Supervisor,Q81 = 1,../data/clean\subset2.csv,Supervisor level
Non-supervisor,Q81 = 2,../data/clean\subset2.csv,Supervisor level
Less than 3 years in the federal public service,D110 = 1,../data/clean\subset2.csv,Years in federal public service
3 to 10 years in the federal public service,D110 = 2,../data/clean\subset2.csv,Years in federal public service
11 to 20 years in the federal public service,D110 = 3,../data/clean\subset2.csv,Years in federal public service
More than 20 years in the federal public service,D110 = 4,../data/clean\subset2.csv,Years in federal public service
Less than 3 years in current department or agency,D111 = 1,../data/clean\subset2.csv,Years in current department or agency
3 to 10 years in current department or agency,D111 = 2,../data/clean\subset2.csv,Years in current department or agency
11 to 20 years in current department or agency,D111 = 3,../data/clean\subset2.csv,Years in current department or agency
More than 20 years in current department or agency,D111 = 4,../data/clean\subset2.csv,Years in current department or agency
Age - 24 years and under,Q116 = 1,../data/clean\subset2.csv,Age
Age - 25 - 29 years,Q116 = 2,../data/clean\subset2.csv,Age
Age - 30 - 34 years,Q116 = 3,../data/clean\subset2.csv,Age
Age - 35 - 39 years,Q116 = 4,../data/clean\subset2.csv,Age
Age - 40 - 44 years,Q116 = 5,../data/clean\subset2.csv,Age
Age - 45 - 49 years,Q116 = 6,../data/clean\subset2.csv,Age
Age - 50 - 54 years,Q116 = 7,../data/clean\subset2.csv,Age
Age - 55 - 59 years,Q116 = 8,../data/clean\subset2.csv,Age
Age - 60 years and over,Q116 = 9,../data/clean\subset2.csv,Age
Man,Q117 = 1,../data/clean\subset3.csv,Gender
Woman,Q117 = 2,../data/clean\subset3.csv,Gender
Another gender,Q117 = 3,../data/clean\subset3.csv,Gender
Persons with a disability (total),D118 = 1,../data/clean\subset3.csv,Persons with a disability
"Persons with a disability, seeing disability",D118A = 1,../data/clean\subset3.csv,Persons with a disability
"Persons with a disability, seeing disability not selected",D118A = 2,../data/clean\subset3.csv,Persons with a disability
"Persons with a disability, hearing disability",D118B = 1,../data/clean\subset3.csv,Persons with a disability
"Persons with a disability, hearing disability not selected",D118B = 2,../data/clean\subset3.csv,Persons with a disability
"Persons with a disability, speech disability",D118C = 1,../data/clean\subset3.csv,Persons with a disability
"Persons with a disability, speech disability not selected",D118C = 2,../data/clean\subset3.csv,Persons with a disability
"Persons with a disability, mobility disability",D118D = 1,../data/clean\subset3.csv,Persons with a disability
"Persons with a disability, mobility disability not selected",D118D = 2,../data/clean\subset3.csv,Persons with a disability
"Persons with a disability, challenges with flexibility or dexterity",D118E = 1,../data/clean\subset3.csv,Persons with a disability
"Persons with a disability, challenges with flexibility or dexterity not selected",D118E = 2,../data/clean\subset3.csv,Persons with a disability
"Persons with a disability, mental health disability",D118F = 1,../data/clean\subset3.csv,Persons with a disability
"Persons with a disability, mental health disability not selected",D118F = 2,../data/clean\subset3.csv,Persons with a disability
"Persons with a disability, sensory or environmental disability",D118G = 1,../data/clean\subset3.csv,Persons with a disability
"Persons with a disability, sensory or environmental disability not selected",D118G = 2,../data/clean\subset3.csv,Persons with a disability
"Persons with a disability, chronic health condition or pain",D118H = 1,../data/clean\subset3.csv,Persons with a disability
"Persons with a disability, chronic health condition or pain not selected",D118H = 2,../data/clean\subset3.csv,Persons with a disability
"Persons with a disability, cognitive disability",D118I = 1,../data/clean\subset3.csv,Persons with a disability
"Persons with a disability, cognitive disability not selected",D118I = 2,../data/clean\subset3.csv,Persons with a disability
"Persons with a disability, intellectual disability",D118J = 1,../data/clean\subset3.csv,Persons with a disability
"Persons with a disability, intellectual disability not selected",D118J = 2,../data/clean\subset3.csv,Persons with a disability
"Persons with a disability, other disability",D118K = 1,../data/clean\subset3.csv,Persons with a disability
"Persons with a disability, other disability not selected",D118K = 2,../data/clean\subset3.csv,Persons with a disability
Not a person with a disability,D118 = 2,../data/clean\subset3.csv,Persons with a disability
Indigenous,D119 = 1,../data/clean\subset3.csv,Indigenous and Non-Indigenous Identity
First Nations,D119A = 1,../data/clean\subset3.csv,Indigenous and Non-Indigenous Identity
Inuk (Inuit),D119B = 1,../data/clean\subset3.csv,Indigenous and Non-Indigenous Identity
Métis,D119C = 1,../data/clean\subset3.csv,Indigenous and Non-Indigenous Identity
Non-Indigenous,D119 = 2,../data/clean\subset3.csv,Indigenous and Non-Indigenous Identity
"Racialized, non-Indigenous population",D120_2 = 1,../data/clean\subset3.csv,Racial Group
"Non-racialized, non-Indigenous population",D120_2 = 2,../data/clean\subset3.csv,Racial Group
Black,D120_1 = 1,../data/clean\subset3.csv,Racial Group
East/Southeast Asian,D120_1 = 2,../data/clean\subset3.csv,Racial Group
Latino/Latina/Latinx,D120_1 = 3,../data/clean\subset3.csv,Racial Group
Middle Eastern,D120_1 = 4,../data/clean\subset3.csv,Racial Group
South Asian,D120_1 = 5,../data/clean\subset3.csv,Racial Group
"Racialized group, not included elsewhere",D120_1 = 6,../data/clean\subset3.csv,Racial Group
Multiple racialized groups,D120_1 = 7,../data/clean\subset3.csv,Racial Group
Eastern Africa,D121 = 1,../data/clean\subset3.csv,Ethnic Region
Northern Africa,D121 = 2,../data/clean\subset3.csv,Ethnic Region
Western Africa,D121 = 3,../data/clean\subset3.csv,Ethnic Region
Middle Africa,D121 = 5,../data/clean\subset3.csv,Ethnic Region
Central America,D121 = 6,../data/clean\subset3.csv,Ethnic Region
South America,D121 = 7,../data/clean\subset3.csv,Ethnic Region
Central Asia,D121 = 8,../data/clean\subset3.csv,Ethnic Region
Eastern Asia,D121 = 9,../data/clean\subset3.csv,Ethnic Region
Southern Asia,D121 = 10,../data/clean\subset3.csv,Ethnic Region
South-eastern Asia,D121 = 11,../data/clean\subset3.csv,Ethnic Region
Western Asia,D121 = 12,../data/clean\subset3.csv,Ethnic Region
Caribbean,D121 = 13,../data/clean\subset3.csv,Ethnic Region
Eastern Europe,D121 = 14,../data/clean\subset3.csv,Ethnic Region
Northern Europe,D121 = 15,../data/clean\subset3.csv,Ethnic Region
Southern Europe,D121 = 16,../data/clean\subset3.csv,Ethnic Region
Western Europe,D121 = 17,../data/clean\subset3.csv,Ethnic Region
Oceania,D121 = 18,../data/clean\subset3.csv,Ethnic Region
Ethnic Origin not included elsewhere,D121 = 19,../data/clean\subset3.csv,Ethnic Region
"Two or more Ethnic Origins, Africa only",D121 = 20,../data/clean\subset3.csv,Ethnic Region
"Two or more Ethnic Origins, Asia only",D121 = 21,../data/clean\subset3.csv,Ethnic Region
"Two or more Ethnic Origins, Europe only",D121 = 22,../data/clean\subset3.csv,Ethnic Region
"Two or more Ethnic Origins, Other",D121 = 23,../data/clean\subset3.csv,Ethnic Region
Identifies as 2SLGBTQIA+,D122 = 1,../data/clean\subset3.csv,2SLGBTQIA+ Identification
2SLGBTQIA+: Two-spirit,D122A = 1,../data/clean\subset3.csv,2SLGBTQIA+ Identification
2SLGBTQIA+: Lesbian,D122B = 1,../data/clean\subset3.csv,2SLGBTQIA+ Identification
2SLGBTQIA+: Gay,D122C = 1,../data/clean\subset3.csv,2SLGBTQIA+ Identification
2SLGBTQIA+: Bisexual,D122D = 1,../data/clean\subset3.csv,2SLGBTQIA+ Identification
2SLGBTQIA+: Transgender,D122E = 1,../data/clean\subset3.csv,2SLGBTQIA+ Identification
2SLGBTQIA+: Queer,D122F = 1,../data/clean\subset3.csv,2SLGBTQIA+ Identification
2SLGBTQIA+: Questioning,D122G = 1,../data/clean\subset3.csv,2SLGBTQIA+ Identification
2SLGBTQIA+: Intersex,D122H = 1,../data/clean\subset3.csv,2SLGBTQIA+ Identification
2SLGBTQIA+: Asexual,D122I = 1,../data/clean\subset3.csv,2SLGBTQIA+ Identification
2SLGBTQIA+: Another identity,D122J = 1,../data/clean\subset3.csv,2SLGBTQIA+ Identification
Does not identify as 2SLGBTQIA+,D122 = 2,../data/clean\subset3.csv,2SLGBTQIA+ Identification
White,D120_1 = 8,../data/clean\subset3.csv,Racial Group
AS,Q105A = 011,../data/clean\subset4.csv,Occupation Level
AS-01,OCCLEVEL = 056,../data/clean\subset4.csv,Occupation Level
AS-02,OCCLEVEL = 057,../data/clean\subset4.csv,Occupation Level
AS-03,OCCLEVEL = 058,../data/clean\subset4.csv,Occupation Level
AS-04,OCCLEVEL = 059,../data/clean\subset4.csv,Occupation Level
AS-05,OCCLEVEL = 060,../data/clean\subset4.csv,Occupation Level
AS-06,OCCLEVEL = 061,../data/clean\subset4.csv,Occupation Level
AS-07,OCCLEVEL = 062,../data/clean\subset4.csv,Occupation Level
AS-08,OCCLEVEL = 063,../data/clean\subset4.csv,Occupation Level
BI,Q105A = 015,../data/clean\subset4.csv,Occupation Level
BI-02,OCCLEVEL = 083,../data/clean\subset4.csv,Occupation Level
BI-03,OCCLEVEL = 084,../data/clean\subset4.csv,Occupation Level
BI-04,OCCLEVEL = 085,../data/clean\subset4.csv,Occupation Level
BI-05,OCCLEVEL = 086,../data/clean\subset4.csv,Occupation Level
CH,Q105A = 016,../data/clean\subset4.csv,Occupation Level
CH-02,OCCLEVEL = 088,../data/clean\subset4.csv,Occupation Level
CH-03,OCCLEVEL = 089,../data/clean\subset4.csv,Occupation Level
CH-04,OCCLEVEL = 090,../data/clean\subset4.csv,Occupation Level
CH-05,OCCLEVEL = 091,../data/clean\subset4.csv,Occupation Level
CM,Q105A = 021,../data/clean\subset4.csv,Occupation Level
CR,Q105A = 023,../data/clean\subset4.csv,Occupation Level
CR-01,OCCLEVEL = 101,../data/clean\subset4.csv,Occupation Level
CR-03,OCCLEVEL = 103,../data/clean\subset4.csv,Occupation Level
CR-04,OCCLEVEL = 104,../data/clean\subset4.csv,Occupation Level
CR-05,OCCLEVEL = 105,../data/clean\subset4.csv,Occupation Level
CS,Q105A = 024,../data/clean\subset4.csv,Occupation Level
CS-01,OCCLEVEL = 107,../data/clean\subset4.csv,Occupation Level
CS-02,OCCLEVEL = 108,../data/clean\subset4.csv,Occupation Level
CS-03,OCCLEVEL = 109,../data/clean\subset4.csv,Occupation Level
CS-04,OCCLEVEL = 110,../data/clean\subset4.csv,Occupation Level
CS-05,OCCLEVEL = 111,../data/clean\subset4.csv,Occupation Level
CX,Q105A = 025,../data/clean\subset4.csv,Occupation Level
CX-03,OCCLEVEL = 114,../data/clean\subset4.csv,Occupation Level
EC,Q105A = 033,../data/clean\subset4.csv,Occupation Level
EC-02,OCCLEVEL = 146,../data/clean\subset4.csv,Occupation Level
EC-03,OCCLEVEL = 147,../data/clean\subset4.csv,Occupation Level
EC-04,OCCLEVEL = 148,../data/clean\subset4.csv,Occupation Level
EC-05,OCCLEVEL = 149,../data/clean\subset4.csv,Occupation Level
EC-06,OCCLEVEL = 150,../data/clean\subset4.csv,Occupation Level
EC-07,OCCLEVEL = 151,../data/clean\subset4.csv,Occupation Level
EC-08,OCCLEVEL = 152,../data/clean\subset4.csv,Occupation Level
ED,Q105A = 035,../data/clean\subset4.csv,Occupation Level
ED-01,OCCLEVEL = 153,../data/clean\subset4.csv,Occupation Level
ED-02,OCCLEVEL = 154,../data/clean\subset4.csv,Occupation Level
ED-05,OCCLEVEL = 157,../data/clean\subset4.csv,Occupation Level
EG,Q105A = 036,../data/clean\subset4.csv,Occupation Level
EG-03,OCCLEVEL = 161,../data/clean\subset4.csv,Occupation Level
EG-04,OCCLEVEL = 162,../data/clean\subset4.csv,Occupation Level
EG-05,OCCLEVEL = 163,../data/clean\subset4.csv,Occupation Level
EG-06,OCCLEVEL = 164,../data/clean\subset4.csv,Occupation Level
EG-07,OCCLEVEL = 165,../data/clean\subset4.csv,Occupation Level
EL,Q105A = 037,../data/clean\subset4.csv,Occupation Level
EL-04,OCCLEVEL = 170,../data/clean\subset4.csv,Occupation Level
EL-06,OCCLEVEL = 172,../data/clean\subset4.csv,Occupation Level
EL-07,OCCLEVEL = 173,../data/clean\subset4.csv,Occupation Level
EN,Q105A = 038,../data/clean\subset4.csv,Occupation Level
EN-02,OCCLEVEL = 177,../data/clean\subset4.csv,Occupation Level
EN-03,OCCLEVEL = 178,../data/clean\subset4.csv,Occupation Level
EN-04,OCCLEVEL = 179,../data/clean\subset4.csv,Occupation Level
EN-05,OCCLEVEL = 180,../data/clean\subset4.csv,Occupation Level
EN-06,OCCLEVEL = 181,../data/clean\subset4.csv,Occupation Level
EX,Q105A = 041,../data/clean\subset4.csv,Occupation Level
EX-01,OCCLEVEL = 191,../data/clean\subset4.csv,Occupation Level
EX-02,OCCLEVEL = 192,../data/clean\subset4.csv,Occupation Level
EX-03,OCCLEVEL = 193,../data/clean\subset4.csv,Occupation Level
EX-04,OCCLEVEL = 194,../data/clean\subset4.csv,Occupation Level
EX-05,OCCLEVEL = 195,../data/clean\subset4.csv,Occupation Level
FI,Q105A = 044,../data/clean\subset4.csv,Occupation Level
FI-01,OCCLEVEL = 213,../data/clean\subset4.csv,Occupation Level
FI-02,OCCLEVEL = 214,../data/clean\subset4.csv,Occupation Level
FI-03,OCCLEVEL = 215,../data/clean\subset4.csv,Occupation Level
FI-04,OCCLEVEL = 216,../data/clean\subset4.csv,Occupation Level
GL,Q105A = 049,../data/clean\subset4.csv,Occupation Level
GL-08,OCCLEVEL = 256,../data/clean\subset4.csv,Occupation Level
GL-11,OCCLEVEL = 259,../data/clean\subset4.csv,Occupation Level
GS,Q105A = 052,../data/clean\subset4.csv,Occupation Level
GS-04,OCCLEVEL = 279,../data/clean\subset4.csv,Occupation Level
GS-05,OCCLEVEL = 280,../data/clean\subset4.csv,Occupation Level
GS-06,OCCLEVEL = 281,../data/clean\subset4.csv,Occupation Level
GT,Q105A = 053,../data/clean\subset4.csv,Occupation Level
GT-03,OCCLEVEL = 291,../data/clean\subset4.csv,Occupation Level
IS,Q105A = 060,../data/clean\subset4.csv,Occupation Level
IS-02,OCCLEVEL = 327,../data/clean\subset4.csv,Occupation Level
IS-03,OCCLEVEL = 328,../data/clean\subset4.csv,Occupation Level
IS-04,OCCLEVEL = 329,../data/clean\subset4.csv,Occupation Level
IS-05,OCCLEVEL = 330,../data/clean\subset4.csv,Occupation Level
IS-06,OCCLEVEL = 331,../data/clean\subset4.csv,Occupation Level
LS,Q105A = 067,../data/clean\subset4.csv,Occupation Level
LS-02,OCCLEVEL = 383,../data/clean\subset4.csv,Occupation Level
LS-03,OCCLEVEL = 384,../data/clean\subset4.csv,Occupation Level
MD,Q105A = 069,../data/clean\subset4.csv,Occupation Level
MD-02,OCCLEVEL = 395,../data/clean\subset4.csv,Occupation Level
MD-03,OCCLEVEL = 396,../data/clean\subset4.csv,Occupation Level
MD-04,OCCLEVEL = 397,../data/clean\subset4.csv,Occupation Level
MD-05,OCCLEVEL = 398,../data/clean\subset4.csv,Occupation Level
ND,Q105A = 075,../data/clean\subset4.csv,Occupation Level
ND-01,OCCLEVEL = 433,../data/clean\subset4.csv,Occupation Level
ND-02,OCCLEVEL = 434,../data/clean\subset4.csv,Occupation Level
ND-03,OCCLEVEL = 435,../data/clean\subset4.csv,Occupation Level
NU,Q105A = 076,../data/clean\subset4.csv,Occupation Level
NU-03,OCCLEVEL = 438,../data/clean\subset4.csv,Occupation Level
NU-04,OCCLEVEL = 439,../data/clean\subset4.csv,Occupation Level
NU-05,OCCLEVEL = 440,../data/clean\subset4.csv,Occupation Level
NU-06,OCCLEVEL = 441,../data/clean\subset4.csv,Occupation Level
PC,Q105A = 082,../data/clean\subset4.csv,Occupation Level
PC-02,OCCLEVEL = 453,../data/clean\subset4.csv,Occupation Level
PC-03,OCCLEVEL = 454,../data/clean\subset4.csv,Occupation Level
PC-04,OCCLEVEL = 455,../data/clean\subset4.csv,Occupation Level
PC-05,OCCLEVEL = 456,../data/clean\subset4.csv,Occupation Level
PE,Q105A = 083,../data/clean\subset4.csv,Occupation Level
PE-01,OCCLEVEL = 457,../data/clean\subset4.csv,Occupation Level
PE-02,OCCLEVEL = 458,../data/clean\subset4.csv,Occupation Level
PE-03,OCCLEVEL = 459,../data/clean\subset4.csv,Occupation Level
PE-04,OCCLEVEL = 460,../data/clean\subset4.csv,Occupation Level
PE-05,OCCLEVEL = 461,../data/clean\subset4.csv,Occupation Level
PE-06,OCCLEVEL = 462,../data/clean\subset4.csv,Occupation Level
PG,Q105A = 084,../data/clean\subset4.csv,Occupation Level
PG-01,OCCLEVEL = 463,../data/clean\subset4.csv,Occupation Level
PG-02,OCCLEVEL = 464,../data/clean\subset4.csv,Occupation Level
PG-03,OCCLEVEL = 465,../data/clean\subset4.csv,Occupation Level
PG-04,OCCLEVEL = 466,../data/clean\subset4.csv,Occupation Level
PG-05,OCCLEVEL = 467,../data/clean\subset4.csv,Occupation Level
PG-06,OCCLEVEL = 468,../data/clean\subset4.csv,Occupation Level
PM,Q105A = 088,../data/clean\subset4.csv,Occupation Level
PM-01,OCCLEVEL = 479,../data/clean\subset4.csv,Occupation Level
PM-02,OCCLEVEL = 480,../data/clean\subset4.csv,Occupation Level
PM-03,OCCLEVEL = 481,../data/clean\subset4.csv,Occupation Level
PM-04,OCCLEVEL = 482,../data/clean\subset4.csv,Occupation Level
PM-05,OCCLEVEL = 483,../data/clean\subset4.csv,Occupation Level
PM-06,OCCLEVEL = 484,../data/clean\subset4.csv,Occupation Level
SE,Q105A = 104,../data/clean\subset4.csv,Occupation Level
SE-01,OCCLEVEL = 551,../data/clean\subset4.csv,Occupation Level
SE-02,OCCLEVEL = 552,../data/clean\subset4.csv,Occupation Level
SE-03,OCCLEVEL = 553,../data/clean\subset4.csv,Occupation Level
SE-04,OCCLEVEL = 554,../data/clean\subset4.csv,Occupation Level
SE-05,OCCLEVEL = 555,../data/clean\subset4.csv,Occupation Level
SG,Q105A = 105,../data/clean\subset4.csv,Occupation Level
SG-02,OCCLEVEL = 556,../data/clean\subset4.csv,Occupation Level
SG-03,OCCLEVEL = 557,../data/clean\subset4.csv,Occupation Level
SG-04,OCCLEVEL = 558,../data/clean\subset4.csv,Occupation Level
SG-05,OCCLEVEL = 559,../data/clean\subset4.csv,Occupation Level
SG-06,OCCLEVEL = 560,../data/clean\subset4.csv,Occupation Level
SG-07,OCCLEVEL = 561,../data/clean\subset4.csv,Occupation Level
SG-08,OCCLEVEL = 562,../data/clean\subset4.csv,Occupation Level
STUDENT,Q105A = 130,../data/clean\subset4.csv,Occupation Level
TI,Q105A = 114,../data/clean\subset4.csv,Occupation Level
TI-06,OCCLEVEL = 637,../data/clean\subset4.csv,Occupation Level
VM,Q105A = 119,../data/clean\subset4.csv,Occupation Level
VM-02,OCCLEVEL = 655,../data/clean\subset4.csv,Occupation Level
VM-03,OCCLEVEL = 656,../data/clean\subset4.csv,Occupation Level
VM-04,OCCLEVEL = 657,../data/clean\subset4.csv,Occupation Level
VM-05,OCCLEVEL = 658,../data/clean\subset4.csv,Occupation Level
CH-01,OCCLEVEL = 087,../data/clean\subset4.csv,Occupation Level
EC-01,OCCLEVEL = 145,../data/clean\subset4.csv,Occupation Level
ED-03,OCCLEVEL = 155,../data/clean\subset4.csv,Occupation Level
ED-04,OCCLEVEL = 156,../data/clean\subset4.csv,Occupation Level
EG-01,OCCLEVEL = 159,../data/clean\subset4.csv,Occupation Level
EG-02,OCCLEVEL = 160,../data/clean\subset4.csv,Occupation Level
EL-03,OCCLEVEL = 169,../data/clean\subset4.csv,Occupation Level
EL-05,OCCLEVEL = 171,../data/clean\subset4.csv,Occupation Level
GL-00,OCCLEVEL = 248,../data/clean\subset4.csv,Occupation Level
GL-04,OCCLEVEL = 252,../data/clean\subset4.csv,Occupation Level
GS-01,OCCLEVEL = 276,../data/clean\subset4.csv,Occupation Level
GS-03,OCCLEVEL = 278,../data/clean\subset4.csv,Occupation Level
GS-07,OCCLEVEL = 282,../data/clean\subset4.csv,Occupation Level
HS,Q105A = 057,../data/clean\subset4.csv,Occupation Level
HS-02,OCCLEVEL = 317,../data/clean\subset4.csv,Occupation Level
NU-02,OCCLEVEL = 437,../data/clean\subset4.csv,Occupation Level
WP,Q105A = 120,../data/clean\subset4.csv,Occupation Level
WP-04,OCCLEVEL = 662,../data/clean\subset4.csv,Occupation Level
DM,Q105A = 030,../data/clean\subset4.csv,Occupation Level
DM-03,OCCLEVEL = 133,../data/clean\subset4.csv,Occupation Level
GL-01,OCCLEVEL = 249,../data/clean\subset4.csv,Occupation Level
GT-04,OCCLEVEL = 292,../data/clean\subset4.csv,Occupation Level
HP,Q105A = 054,../data/clean\subset4.csv,Occupation Level
HP-02,OCCLEVEL = 298,../data/clean\subset4.csv,Occupation Level
HR,Q105A = 055,../data/clean\subset4.csv,Occupation Level
HR-01,OCCLEVEL = 306,../data/clean\subset4.csv,Occupation Level
PC-01,OCCLEVEL = 452,../data/clean\subset4.csv,Occupation Level
PS,Q105A = 093,../data/clean\subset4.csv,Occupation Level
PS-04,OCCLEVEL = 500,../data/clean\subset4.csv,Occupation Level
AS-00,OCCLEVEL = 055,../data/clean\subset4.csv,Occupation Level
BI-01,OCCLEVEL = 082,../data/clean\subset4.csv,Occupation Level
CO,Q105A = 022,../data/clean\subset4.csv,Occupation Level
CO-03,OCCLEVEL = 097,../data/clean\subset4.csv,Occupation Level
CR-06,OCCLEVEL = 106,../data/clean\subset4.csv,Occupation Level
EL-01,OCCLEVEL = 167,../data/clean\subset4.csv,Occupation Level
EX-00,OCCLEVEL = 190,../data/clean\subset4.csv,Occupation Level
GL-07,OCCLEVEL = 255,../data/clean\subset4.csv,Occupation Level
IT,Q105A = 131,../data/clean\subset4.csv,Occupation Level
IT-01,OCCLEVEL = 332,../data/clean\subset4.csv,Occupation Level
IT-02,OCCLEVEL = 333,../data/clean\subset4.csv,Occupation Level
IT-03,OCCLEVEL = 334,../data/clean\subset4.csv,Occupation Level
IT-04,OCCLEVEL = 335,../data/clean\subset4.csv,Occupation Level
IT-05,OCCLEVEL = 336,../data/clean\subset4.csv,Occupation Level
NU-08,OCCLEVEL = 443,../data/clean\subset4.csv,Occupation Level
ST,Q105A = 111,../data/clean\subset4.csv,Occupation Level
ST-00,OCCLEVEL = 612,../data/clean\subset4.csv,Occupation Level
ST-02,OCCLEVEL = 614,../data/clean\subset4.csv,Occupation Level
ST-03,OCCLEVEL = 615,../data/clean\subset4.csv,Occupation Level
Working on-site,Q93 = 1,../data/clean\subset5.csv,
Working remotely,Q93 = 2,../data/clean\subset5.csv,
Combination of working remotely and on-site,Q93 = 3,../data/clean\subset5.csv,
Shift worker,Q102 = 1,../data/clean\subset5.csv,
Non-shift worker,Q102 = 2,../data/clean\subset5.csv,
Full-time,Q103 = 1,../data/clean\subset5.csv,
Part-time,Q103 = 2,../data/clean\subset5.csv,
Indeterminate (permanent),Q104 = 1,../data/clean\subset5.csv,
Seasonal,Q104 = 2,../data/clean\subset5.csv,
Term,Q104 = 3,../data/clean\subset5.csv,
Casual,Q104 = 4,../data/clean\subset5.csv,
Student,Q104 = 5,../data/clean\subset5.csv,
Client contact centre,Q109 = 1,../data/clean\subset5.csv,
Health care practitioners,Q109 = 2,../data/clean\subset5.csv,
Federal regulators,Q109 = 3,../data/clean\subset5.csv,
"Compliance, inspection and enforcement",Q109 = 4,../data/clean\subset5.csv,
Communications or public affairs,Q109 = 5,../data/clean\subset5.csv,
Access to information and privacy,Q109 = 6,../data/clean\subset5.csv,
Security,Q109 = 7,../data/clean\subset5.csv,
Science and technology,Q109 = 8,../data/clean\subset5.csv,
Library services,Q109 = 9,../data/clean\subset5.csv,
Legal services,Q109 = 10,../data/clean\subset5.csv,
Administration and operations,Q109 = 11,../data/clean\subset5.csv,
Human resources,Q109 = 12,../data/clean\subset5.csv,
Financial management,Q109 = 13,../data/clean\subset5.csv,
Procurement,Q109 = 14,../data/clean\subset5.csv,
Real property,Q109 = 15,../data/clean\subset5.csv,
Materiel management,Q109 = 16,../data/clean\subset5.csv,
Information management,Q109 = 17,../data/clean\subset5.csv,
Information technology,Q109 = 18,../data/clean\subset5.csv,
Internal audit,Q109 = 19,../data/clean\subset5.csv,
Evaluation,Q109 = 20,../data/clean\subset5.csv,
Data sciences,Q109 = 21,../data/clean\subset5.csv,
Policy,Q109 = 22,../data/clean\subset5.csv,
Project management,Q109 = 23,../data/clean\subset5.csv,
Other services to the public,Q109 = 24,../data/clean\subset5.csv,
None of the above,Q109 = 25,../data/clean\subset5.csv,
Executive,D105 = 1,../data/clean\subset5.csv,
Scientific and Professional,D105 = 2,../data/clean\subset5.csv,
Administration and Foreign Services,D105 = 3,../data/clean\subset5.csv,
Technical,D105 = 4,../data/clean\subset5.csv,
Administrative Support,D105 = 5,../data/clean\subset5.csv,
Operational,D105 = 6,../data/clean\subset5.csv,
Other occupational category,D105 = 7,../data/clean\subset5.csv,
Language requirement of position  - Bilingual,Q106 = 1,../data/clean\subset6.csv,
Language requirement of position  - Unilingual English,Q106 = 2,../data/clean\subset6.csv,
Language requirement of position  - Unilingual French,Q106 = 3,../data/clean\subset6.csv,
Language requirement of position  - Either English or French,Q106 = 4,../data/clean\subset6.csv,
First official language - English,Q112 = 1,../data/clean\subset6.csv,
First official language - French,Q112 = 2,../data/clean\subset6.csv,
Provides services to public,Q113 = 1,../data/clean\subset6.csv,
Does not provide services to public,Q113 = 2,../data/clean\subset6.csv,
National Capital Region,Q114 = 1,../data/clean\subset6.csv,
Ontario (excluding National Capital Region),Q114 = 2,../data/clean\subset6.csv,
Quebec (excluding National Capital Region),Q114 = 3,../data/clean\subset6.csv,
Yukon,Q114 = 6,../data/clean\subset6.csv,
British Columbia,Q114 = 7,../data/clean\subset6.csv,
Alberta,Q114 = 8,../data/clean\subset6.csv,
Saskatchewan,Q114 = 9,../data/clean\subset6.csv,
Manitoba,Q114 = 10,../data/clean\subset6.csv,
New Brunswick,Q114 = 11,../data/clean\subset6.csv,
Nova Scotia,Q114 = 12,../data/clean\subset6.csv,
Prince Edward Island,Q114 = 13,../data/clean\subset6.csv,
Newfoundland and Labrador,Q114 = 14,../data/clean\subset6.csv,
Outside of Canada,Q114 = 15,../data/clean\subset6.csv,
"The bilingual region of Montréal (the counties of Deux-Montagnes, Île-de-Montréal and Île-Jésus, La Prairie, and Vaudreuil)",Q115 = 1,../data/clean\subset6.csv,
"The bilingual regions of other parts of Quebec (the counties of Bonaventure, Gaspé-Est, Brome, Compton, Huntingdon, Missisquoi, Richmond, Sherbrooke, Stanstead, Argenteuil and Pontiac)",Q115 = 2,../data/clean\subset6.csv,
"The bilingual region of Eastern Ontario (the counties of Glengarry, Prescott, Russell and Stormont)",Q115 = 3,../data/clean\subset6.csv,
"The bilingual region of Northern Ontario (the counties of Algoma, Cochrane, Nipissing, Sudbury and Timiskaming)",Q115 = 4,../data/clean\subset6.csv,
I do not work in one of these areas,Q115 = 5,../data/clean\subset6.csv,
Language requirement of position  - Dont know,Q106 = 7,../data/clean\subset6.csv,
Northwest Territories,Q114 = 4,../data/clean\subset6.csv,
Health Canada,,../data/clean\subset7.csv,
Deputy Minister's Office,LEVEL2ID = 200,../data/clean\subset7.csv,
Covid - 19 Task Force,LEVEL2ID = 201,../data/clean\subset7.csv,
"Centre for Ombuds, Resolution and Ethics",LEVEL2ID = 202,../data/clean\subset7.csv,
Digital Transformation Branch,LEVEL2ID = 203,../data/clean\subset7.csv,
Digital Transformation Planning & Oversight Directorate,LEVEL3ID = 300,../data/clean\subset7.csv,
"Digital Product Development, Delivery & Management Directorate",LEVEL3ID = 301,../data/clean\subset7.csv,
IM/IT Service Delivery Directorate,LEVEL3ID = 302,../data/clean\subset7.csv,
"ADMO/CIO Office and Policy, Planning & Integration Directorate",LEVEL3ID = 303,../data/clean\subset7.csv,
Chief Data Office Directorate,LEVEL3ID = 304,../data/clean\subset7.csv,
Legal Services,LEVEL2ID = 204,../data/clean\subset7.csv,
Strategic Policy Branch,LEVEL2ID = 205,../data/clean\subset7.csv,
Assitant Deputy Minister's Office / Branch Business Division / Ministerial Briefing Unit / Central Unit for the Coordination of Ministerial Events and Travel / Canada Health Act Division / Federal-Provincial-Territorial Relations / Health Programs and Strategic Initiatives / Mental Health Directorate / Science Policy Directorate / Office of Pharmaceuticals Management Strategies,LEVEL3ID = 305,../data/clean\subset7.csv,
Health Care Programs and Policy Directorate,LEVEL3ID = 306,../data/clean\subset7.csv,
Health Care Strategies Directorate,LEVEL3ID = 307,../data/clean\subset7.csv,
Policy Coordination and Planning Directorate,LEVEL3ID = 308,../data/clean\subset7.csv,
Corporate Services Branch,LEVEL2ID = 206,../data/clean\subset7.csv,
Assistant Deputy Minister's Office / Strategic Business Renewal Directorate / Equity Diversity Inclusion Office,LEVEL3ID = 309,../data/clean\subset7.csv,
"Policy, Planning and Management Services",LEVEL3ID = 310,../data/clean\subset7.csv,
Director General's Office / Engagement & Outreach Division / Planning & Oversight Division / Strategic Workforce Innovation Management Division,LEVEL4ID = 400,../data/clean\subset7.csv,
Access to Information and Privacy Operations Division,LEVEL4ID = 401,../data/clean\subset7.csv,
Human Resources Services Directorate,LEVEL3ID = 311,../data/clean\subset7.csv,
Director General's Office / Executive Group Services Division,LEVEL4ID = 402,../data/clean\subset7.csv,
Client Services Division,LEVEL4ID = 403,../data/clean\subset7.csv,
Labour Relations Division,LEVEL4ID = 404,../data/clean\subset7.csv,
Pay Modernization Division,LEVEL4ID = 405,../data/clean\subset7.csv,
"Corporate Policies, Programs and Mental Health Division",LEVEL4ID = 406,../data/clean\subset7.csv,
Workplace Wellbeing and Workforce Development Division / Learning Develop & Talent Mgt Division,LEVEL4ID = 407,../data/clean\subset7.csv,
Real Property and Security Directorate,LEVEL3ID = 312,../data/clean\subset7.csv,
Director General's Office / National Program Management Division,LEVEL4ID = 408,../data/clean\subset7.csv,
National Accommodations & Facilities Management Division,LEVEL4ID = 409,../data/clean\subset7.csv,
National Asset Management & Laboratory Operations Division,LEVEL4ID = 410,../data/clean\subset7.csv,
Security Management Division,LEVEL4ID = 411,../data/clean\subset7.csv,
Specialized Health Services Directorate,LEVEL3ID = 313,../data/clean\subset7.csv,
Employee Assistance Services Division,LEVEL4ID = 412,../data/clean\subset7.csv,
Public Service Occupational Health Program Division,LEVEL4ID = 413,../data/clean\subset7.csv,
Policy And Strategic Direction Division/ Director General's Office / Employee Assistance Services - COVID Mental Health Response Division / Public Service Occupational Health Program - COVID Response Division / Research And Innovation Division,LEVEL4ID = 414,../data/clean\subset7.csv,
Chief Financial Officer Branch,LEVEL2ID = 207,../data/clean\subset7.csv,
Office of the Chief Financial Officer / Branch Management Services Unit (BMSU) / Cost Recovery&Investment Plan / Departmental Submissions and Performance Measurement Directorat,LEVEL3ID = 314,../data/clean\subset7.csv,
Comptrollership Systems Modernization Division,LEVEL3ID = 315,../data/clean\subset7.csv,
Accounting Operations Division,LEVEL4ID = 415,../data/clean\subset7.csv,
"Policy, Internal Controls and Corporate Accounting Division / Financial Operations Directorate-DGO /",LEVEL4ID = 416,../data/clean\subset7.csv,
"Procurement, Material and Assets Management Division",LEVEL4ID = 417,../data/clean\subset7.csv,
Financial Management Directorate (FMD),LEVEL3ID = 316,../data/clean\subset7.csv,
Healthy Environments and Consumer Safety Branch,LEVEL2ID = 208,../data/clean\subset7.csv,
"Assistant Deputy Minister's Office / Policy, Planning and Integration",LEVEL3ID = 317,../data/clean\subset7.csv,
Environmental and Radiation Health Sciences Directorate,LEVEL3ID = 318,../data/clean\subset7.csv,
Radiation Protection Bureau,LEVEL4ID = 418,../data/clean\subset7.csv,
Environmental Health Science and Research Bureau,LEVEL4ID = 419,../data/clean\subset7.csv,
"Consumer and Clinical Radiation Protection Bureau / Director General's Office / Office of Science Policy, Liaison and Coordination / Office of Management Services, Planning and Evaluation / Office of Environmental Health",LEVEL4ID = 420,../data/clean\subset7.csv,
Safe Environments Directorate,LEVEL3ID = 319,../data/clean\subset7.csv,
New Substances Assessment and Control Bureau,LEVEL4ID = 421,../data/clean\subset7.csv,
Existing Substances Risk Assessment Bureau / Risk Management Bureau,LEVEL4ID = 422,../data/clean\subset7.csv,
Water and Air Quality Bureau,LEVEL4ID = 423,../data/clean\subset7.csv,
Climate Change and Innovation Bureau / Chemicals and Environmental Health Management Bureau / Business Process Improvement Bureau / Director General's Office,LEVEL4ID = 424,../data/clean\subset7.csv,
Consumer and Hazardous Product Safety Directorate,LEVEL3ID = 320,../data/clean\subset7.csv,
"Assessment, Information and Engagement Bureau / Director General's Office (includes SPD)",LEVEL4ID = 425,../data/clean\subset7.csv,
Risk Management Bureau / Workplace Hazardous Materials Bureau,LEVEL4ID = 426,../data/clean\subset7.csv,
Controlled Substances and Cannabis Branch,LEVEL2ID = 209,../data/clean\subset7.csv,
Assistant Deputy Minister's Office/Opioid Response Team,LEVEL3ID = 321,../data/clean\subset7.csv,
Branch Operational Support Services,LEVEL3ID = 322,../data/clean\subset7.csv,
"Horizontal Policy, Planning and Program Directorate",LEVEL3ID = 323,../data/clean\subset7.csv,
Compliance Directorate,LEVEL3ID = 324,../data/clean\subset7.csv,
Controlled Substances Directorate,LEVEL3ID = 325,../data/clean\subset7.csv,
Licensing and Medical Access Directorate,LEVEL3ID = 326,../data/clean\subset7.csv,
Office of Medical Access,LEVEL4ID = 427,../data/clean\subset7.csv,
DGO Licencing and Medical Access/ Licencing and Security,LEVEL4ID = 428,../data/clean\subset7.csv,
Strategic Policy Directorate,LEVEL3ID = 327,../data/clean\subset7.csv,
Tobacco Control Directorate,LEVEL3ID = 328,../data/clean\subset7.csv,
Health Products and Food Branch,LEVEL2ID = 210,../data/clean\subset7.csv,
Policy Planning and International Affairs Directorate,LEVEL3ID = 329,../data/clean\subset7.csv,
Director General's Office / Strategic Horizontal Policy Division/ Regulatory Innovation & Strategic Stakeholder Engagement Team,LEVEL4ID = 429,../data/clean\subset7.csv,
Office of Legislative and Regulatory Modernization,LEVEL4ID = 430,../data/clean\subset7.csv,
Assistant Deputy Minister's Office / Resource Management and Operations Directorate,LEVEL3ID = 330,../data/clean\subset7.csv,
Assistant Deputy Minister's Office / Director General's Office / Governance Division / Internal Communications Division / Operational Management and Scientific Learning Division,LEVEL4ID = 431,../data/clean\subset7.csv,
Strategic Planning and Accountability Division,LEVEL4ID = 432,../data/clean\subset7.csv,
Transformation and Business Informatics Division/ Information Science & Openness Division,LEVEL4ID = 433,../data/clean\subset7.csv,
Office of Submissions and Intellectual Property,LEVEL4ID = 434,../data/clean\subset7.csv,
Biologics and Radiopharmaceutical Drugs Directorate,LEVEL3ID = 331,../data/clean\subset7.csv,
Director Generals Office / Office of Business Integration / Office of Quality and Information Management / Office of Regulatory Affairs,LEVEL4ID = 435,../data/clean\subset7.csv,
"Centre for Oncology, Radiopharmaceuticals and Research",LEVEL4ID = 436,../data/clean\subset7.csv,
"Centre for Blood, Blood Products and Biotherapeutics",LEVEL4ID = 437,../data/clean\subset7.csv,
"Centre for Vaccines, Clinical Trials and Biostatistics",LEVEL4ID = 438,../data/clean\subset7.csv,
"Centre for Policy, Pediatrics and International Collaboration",LEVEL4ID = 439,../data/clean\subset7.csv,
Food Directorate,LEVEL3ID = 332,../data/clean\subset7.csv,
Director General's Office / Bureau of Business Systems & Operations,LEVEL4ID = 440,../data/clean\subset7.csv,
"Bureau of Policy, Intergovernmental and International Affairs / Bureau of Food Surveillance and Science Integration",LEVEL4ID = 441,../data/clean\subset7.csv,
Chemical Safety: Directors Office / Chemical Health Assessment,LEVEL4ID = 442,../data/clean\subset7.csv,
Chemical Safety - Food Research/Toxicology Research/Scientific Services,LEVEL4ID = 443,../data/clean\subset7.csv,
Nutritional Sciences: Directors Office / Nutrition Regulation Standards / Office of Nutritional Policy and Promotion,LEVEL4ID = 444,../data/clean\subset7.csv,
Nutrition Research / Nutrition Premarket Assessment,LEVEL4ID = 445,../data/clean\subset7.csv,
Microbial Hazards,LEVEL4ID = 446,../data/clean\subset7.csv,
Marketed Health Products Directorate,LEVEL3ID = 333,../data/clean\subset7.csv,
Director Generals Office / Bureau of Strategic Engagement and Integrated Management Services,LEVEL4ID = 447,../data/clean\subset7.csv,
Office of Policy Risk Advisory and Advertising,LEVEL4ID = 448,../data/clean\subset7.csv,
"Bureau of Biologics, Radiopharmaceuticals and Self-care products",LEVEL4ID = 449,../data/clean\subset7.csv,
Health Products Surveillance and Epidemiology Bureau,LEVEL4ID = 450,../data/clean\subset7.csv,
Marketed Pharmaceuticals Bureau,LEVEL4ID = 451,../data/clean\subset7.csv,
Natural and Non-prescription Health Products Directorate,LEVEL3ID = 334,../data/clean\subset7.csv,
Director Generals Office / Bureau of Strategic Planning and Business Services / Bureau of Business Systems Modernization,LEVEL4ID = 452,../data/clean\subset7.csv,
"Bureau of Policy, Risk Management and Stakeholder Engagement",LEVEL4ID = 453,../data/clean\subset7.csv,
Bureau of Product Review and Assessment,LEVEL4ID = 454,../data/clean\subset7.csv,
Bureau of Licensing Services and Systems,LEVEL4ID = 455,../data/clean\subset7.csv,
Pharmaceutical Drugs Directorate,LEVEL3ID = 335,../data/clean\subset7.csv,
"Director General's Office / Bureau of Medical Sciences/ Bureau of Policy, Science and International Programs",LEVEL4ID = 456,../data/clean\subset7.csv,
"Office of Planning, Performance and Review Services",LEVEL4ID = 457,../data/clean\subset7.csv,
"Bureau of Cardiology, Allergy and Neurological Sciences",LEVEL4ID = 458,../data/clean\subset7.csv,
"Bureau of Metabolism, Oncology and Reproductive Sciences",LEVEL4ID = 459,../data/clean\subset7.csv,
"Bureau of Gastroenterology, Infection and Viral Diseases",LEVEL4ID = 460,../data/clean\subset7.csv,
Bureau of Pharmaceutical Sciences,LEVEL4ID = 461,../data/clean\subset7.csv,
Office of Clinical Trials,LEVEL4ID = 462,../data/clean\subset7.csv,
Medical Devices Directorate,LEVEL3ID = 336,../data/clean\subset7.csv,
"Director General's Office / Bureau of Planning and Operations / Bureau of policy and international programs / Bureau of Investigational Testing Authorization, Special Access Program and Post-market Surveillance",LEVEL4ID = 463,../data/clean\subset7.csv,
Bureau of Licensing Services,LEVEL4ID = 464,../data/clean\subset7.csv,
Bureau of Evaluation,LEVEL4ID = 465,../data/clean\subset7.csv,
Veterinary Drugs Directorate,LEVEL3ID = 337,../data/clean\subset7.csv,
Pest Management Regulatory Agency,LEVEL2ID = 211,../data/clean\subset7.csv,
Health Evaluation Directorate,LEVEL3ID = 338,../data/clean\subset7.csv,
Registration Directorate,LEVEL3ID = 339,../data/clean\subset7.csv,
Environmental Assessment Directorate,LEVEL3ID = 340,../data/clean\subset7.csv,
PMRA Executive Directors Office and PMRA Transformation,LEVEL3ID = 341,../data/clean\subset7.csv,
Value Assessment and Re-evaluation Directorate,LEVEL3ID = 342,../data/clean\subset7.csv,
Policy and Operations Directorate,LEVEL3ID = 343,../data/clean\subset7.csv,
Regulatory Operations and Enforcement Branch,LEVEL2ID = 212,../data/clean\subset7.csv,
Planning and Operations Directorate,LEVEL3ID = 344,../data/clean\subset7.csv,
Medical Devices and Clinical Compliance Directorate,LEVEL3ID = 345,../data/clean\subset7.csv,
Clinical Compliance and Border Operations / Director General's Office,LEVEL4ID = 466,../data/clean\subset7.csv,
Medical Devices Compliance Program,LEVEL4ID = 467,../data/clean\subset7.csv,
Health Products Compliance Directorate,LEVEL3ID = 346,../data/clean\subset7.csv,
Health Product Compliance and Risk Management / Director Generals Office,LEVEL4ID = 468,../data/clean\subset7.csv,
Health Product Inspections and Licensing,LEVEL4ID = 469,../data/clean\subset7.csv,
Laboratories Directorate,LEVEL3ID = 347,../data/clean\subset7.csv,
Drug Analysis Service and Cannabis Laboratory / Director Generals Office,LEVEL4ID = 470,../data/clean\subset7.csv,
"Health Products, Food and Pesticide Laboratories",LEVEL4ID = 471,../data/clean\subset7.csv,
Policy and Regulatory Strategies Directorate / Community of Federal Regulators / Assistant Deputy Ministers Office,LEVEL3ID = 348,../data/clean\subset7.csv,
Environmental Health and Pesticides Directorate,LEVEL3ID = 349,../data/clean\subset7.csv,
Pesticide Compliance Program,LEVEL4ID = 472,../data/clean\subset7.csv,
Environmental Health and Internationally Protected Persons Programs / Director Generals Office,LEVEL4ID = 473,../data/clean\subset7.csv,
Consumer Products and Controlled Substances Directorate,LEVEL3ID = 350,../data/clean\subset7.csv,
Consumer Product Safety Program,LEVEL4ID = 474,../data/clean\subset7.csv,
"Controlled Substances, Tobacco and Vaping Program / Director General's Office",LEVEL4ID = 475,../data/clean\subset7.csv,
Cannabis Directorate,LEVEL3ID = 351,../data/clean\subset7.csv,
Communications and Public Affairs Branch,LEVEL2ID = 213,../data/clean\subset7.csv,
Assistant Deputy Minister's Office /Ministerial Communications Directorate,LEVEL3ID = 352,../data/clean\subset7.csv,
Strategic Communications Directorate,LEVEL3ID = 353,../data/clean\subset7.csv,
Public Affairs Directorate,LEVEL3ID = 354,../data/clean\subset7.csv,
I cannot find my organizational unit,LEVEL2ID = 999,../data/clean\subset7.csv,
